dsF_-kODsrI,vNbvzXjojOE,78tBSRnsgZg,kpjnC3tniGA,trance
tnknTHpJS0M,4S5ZTrpFP-M,ITobQ2YaJMQ,4liLXqwA278,trance
nUR1DF9ppPk,DS4NINuR44c,nQ6d-L2v_SI,H8lvhDhh_SE,trance
JpJ50b2Pmfo,rHmtnXo9zrU,30Uw2jZI_Og,5zz_Ps2CYHA,trance
nNyd-yLyNYA,RIXzW7Sl3wo,C8bY9MS9VNE,A8QQrydMnQ4,trance
2FvprjN50_A,S70Eo7ETbV4,eSGMgAUB4Os,LrkMHcTOW-s,trance
v4rtkpQuYUw,v7fX0tZkRK4,PEkvwbUo9qM,7CQoQKtOHCM,trance
XQpWNmqN7t8,u5GhombYdFA,BdMi_QMbhc4,dT77D2ujv6g,trance
BDBP8AgpT5M,GKrCv2QpDlM,O9cVUk0MZ4c,71z1DTbktX4,trance
KWAt48LqyzQ,snwAwo33ViA,LhU0VQewP2o,DHTSh8RSYLk,trance
mByQhQUI4OA,Ob7KHs0F2s0,f6v3knJi_1I,iNUR4VGypEM,trance
E88bIicFBzk,Yl3eOIUwjKA,IFVtKtlpSGM,gB81_ApAwHA,trance
o6G4oBoy3Ck,_H6va1KBC0s,ULJRtNaKwCo,SFRr6s6u9hU,trance
hbTexW2bFms,fs3op120vNc,AoDxnO5HjHE,bn92YFOIjew,trance
NNH3bPpXcLE,bPgpgxYWKtk,tBsQdcDJpHg,BFAJu9xeekE,trance
CVbyPtGWL2M,621fCXkc5xM,2i3iZcroZAk,-7MG6LJjDrk,trance
W5zuq3zOAfQ,uw4SNyONUec,SRW9a5lIMJI,NSAPzMMBlq0,trance
hB_g87wpZM8,5usMCKlXqtM,sySDK1KlvcU,Z5iWHncxt9g,trance
MWOoWlSiqqo,Yrs-tvhjfBs,LHreedGz358,8Adc8pv5ua8,trance
GzAg1FqpCZw,984eEm5apoI,qvL-9GEY6zs,Y9lWORaj_-A,trance
