dXpHV9WzXI0,nQ6d-L2v_SI,H8lvhDhh_SE,nUR1DF9ppPk,house
-ctVY03_4bA,5DkomAjhKqs,a_zw8s1Nslo,Zq5hU-ZAC80,techno
dsF_-kODsrI,vNbvzXjojOE,78tBSRnsgZg,kpjnC3tniGA,trance
_eLpBQ1zYdk,ZOXk4c_ghtA,vdIBEa3RAV0,z4OWXrUQSpQ,hardcore
LGvSBzYY8BU,S16JVA_VX7s,Wrq84yClS1E,KroqRDAdzzI,electroacoustic
1mA3Qb3LK5c,keNASMqOFtA,IqawvlK8ig8,eT-9lddnA14,ambient
w5P_e2jVo4M,-pAAnBoMpSc,tf4Kq-JuGrA,amrVVzaT61g,drum and bass
Wt1Z72Ckb-M,Yrs-tvhjfBs,RgXYp_QvWB0,SRW9a5lIMJI,bass music
5zz_Ps2CYHA,S70Eo7ETbV4,JpJ50b2Pmfo,rHmtnXo9zrU,garage
2OzMGJLA11w,AojNqS9rWCk,QaSw4KUd6uA,cfwjw-6CCfI,electronica
aNdpkel_l_s,4LC-0yF447U,uvsfCIXAk8E,B7LwMyAnUFo,breakbeat
T68yTUTE9yo,olQZUEq_c4M,_SabfBezlB0,l_Sa86aUzAI,videogame 
rcsLTOILVGs,Cz47i6tRrIA,Mwe-NMTrg78,xr3RgMOMt_U,disco
NwWNydPtwiQ,Inu3WJdZ-6I,sIZhC7xR80A,zwJrxtjWMw0,chill out
lMyOWIuZp3g,EC8FdUM-7gg,RveIbUDGEA0,ss2jjlFlN2g,hauntology
LhU0VQewP2o,snwAwo33ViA,KWAt48LqyzQ,U1WH4qOfhzY,noise
-mbtln_u4Xs,bYcuXWlPkqk,ClqAswO9WmY,vaXm_WHWQ9A,IDM
y97viyqJYXQ,RY5lQ4JS0gE,Qj6bUDvTOM0,YgOiAXLtz8Y,hardstyle
73evEC4XWHI,he023CX1EIg,ucPM4d79Kbs,Y1m1yorU9ZU,jungle
9P4SIbsu6vM,mBeGK6yEZs0,Z4RlUNnjITY,ek2XOYHy290,plunderphonics
