9GgK9y-j2A8,HQqxbQrjilY,j3EJyxX_s7w,ky6Zq4ZdKhY
vHW7zx74x-s,0j9BVTX9Qbs,xl9WvefbYps,J4Qa7pMVPL0
Qj2z8BCvEZ8,63J05Mc-x-Q,mzPu78ml_0M,tf4Kq-JuGrA
u5GhombYdFA,6LyY5D3LgHo,5eFIqc15nmw,eDsiRLz5_AY
D0nCs_BHQLw,ETwYph7ZCFg,nFvN59DXAAw,GFP8UG2qiJQ
dMj7fYlPAgQ,8cfxsLsjiPI,iNUR4VGypEM,aoM-3xaX9R8
ZfaiNVCSqWE,2FvprjN50_A,UXt2hhG19fo,S2HIhQ-rLSg
R9PcPXVbqeU,m0AS_mehpII,v8zK6WrWCsQ,uSBpoAUw9Ao
RtwHyVzr01c,DWrt7v64EMY,uU9a-CXe4eQ,erJo304nrTw
YowRXuKFrmE,FnjPXiC1s5M,xzVc7D29ddk,0cqInRHeU8w
S1Kf6YgrIxM,GjDSUU2dW_I,83-SxV_ceXc,dEUVTMkq_7s
so-B0iZjiiY,OxknCSrvguo,65Ng1tIyow8,c0NmGJnOoqQ
To8hVhN3ayk,etj1iHD2LXM,FtCpDVgZktI,Nzf1Jy1N6As
vBIVmEC8Rsw,GXq9r-bv6L0,yrRboxBoBZM,BL1EJd_AAqc
PPWKvHjEkck,z4OWXrUQSpQ,PtZn3us6qKU,wsbV1Pk4BwY
aS0rX4rMx9E,qN4aj4U4kck,w7gPybMJSWk,Eud8gkhkI9U
cU9dxr1J1xI,Vdc_DAB-F7g,NYlUmN9aN4s,nt5d8gsZtwo
vksK6TQPJ7Y,8Muws11nQfo,6Goeh1tTIJ0,vAr0-A4cMzs
qW359mBOKKY,MjExRCq2v5k,zH5_hk-gTvo,OWg_on1unBc
MNycI0H9shw,efc7WLCVWmw,TTW88xQwT0c,taaIi1jRgzs
