,genre,pl_id,artist_name,track_name,track_pop,track_isrc,yt_link,viewCount
4,acid house,spotify:playlist:17buGP6jTSgqYoV4NwkMdX,"M500,3MB",Cosmic Courier,7,USGUM0910109,https://www.youtube.com/watch?v=AOafm3_WnX0,39
10256,japanoise,spotify:playlist:5EVoGPRq1fYIcLhFCUiydQ,"Zeni Geva,Steve Albini",Auto-Body - Nai Ha,7,QM6P41830298,https://www.youtube.com/watch?v=VcCK1gbDpH4,1751
14355,psydub,spotify:playlist:2MtDhoqYmegOviJeKyoCxv,Bluetech,Alchemie Dub,37,USHM90419098,https://www.youtube.com/watch?v=iU6QsxJH33o,133084
12308,minimal techno,spotify:playlist:68uxlFAvnITCyQs0U8qr6n,Isolée,Allowance,36,DEMM11200027,https://www.youtube.com/watch?v=Lo_huMkzoIU,15349
6166,electroacoustic improvisation,spotify:playlist:2jGo6vr6swUBugWe7n2bzj,Zeitkratzer,Ruckzuck,9,DEOV41700263,https://www.youtube.com/watch?v=0R8ssIYPGsE,2501
4119,death industrial,spotify:playlist:5Wh6LBCI5BX6VVLfkcJ1g6,Sutcliffe Jügend,Ripper Victims II,10,GBAS91201802,https://www.youtube.com/watch?v=p5mu_X0sQM0,648
6168,electroacoustic improvisation,spotify:playlist:2jGo6vr6swUBugWe7n2bzj,Steve Roden,the radio station at nome,7,USXPN1100283,https://www.youtube.com/watch?v=Lxi7QO66ars,1427
8214,ghettotech,spotify:playlist:0zturCsng8jMo3Pf2EXufv,Amadeezy,Scared Money,20,FR96X2121048,https://www.youtube.com/watch?v=Mi_irZt3vpE,1268
16409,tropical house,spotify:playlist:5Z4GsFxPRJiN9Qme2P9q6H,"EDX,Jess Ball",I Found You (Neptune),29,CH3131901465,https://www.youtube.com/watch?v=AjViPqP-JGc,281570
2080,big beat,spotify:playlist:370tEYE4lZui1vrufdq7xy,2 Bit Pie,Here I Come,12,GBBTF0500444,https://www.youtube.com/watch?v=RkD_1mjF6b8,36913
16419,tropical house,spotify:playlist:5Z4GsFxPRJiN9Qme2P9q6H,"Vijay & Sofia Zlatko,Notte",Earth Groove,27,IT0311600101,https://www.youtube.com/watch?v=DGh-ntfyGXU,229659
12325,minimal techno,spotify:playlist:68uxlFAvnITCyQs0U8qr6n,Robag Wruhme,Venq Tolep,29,DEMM11900008,https://www.youtube.com/watch?v=MR782U6qYWY,48482
14378,psydub,spotify:playlist:2MtDhoqYmegOviJeKyoCxv,"Sleepy Koala,Charlotte's Voice",Chiii Boiii,7,CAIFZ1800003,https://www.youtube.com/watch?v=QQmc4I2YcnY,354
43,acid house,spotify:playlist:17buGP6jTSgqYoV4NwkMdX,"DJ Pierre,Chic Loren",I Feel Love - 1979 Disco Club Mix,32,DEBE71700243,https://www.youtube.com/watch?v=mLyxQ-kdBDk,29109
2094,bitpop,spotify:playlist:5QV9DIzmUFiUiyBGWWAuGc,Dat Politics,My Toshiba Is Alive,7,DEK590663106,https://www.youtube.com/watch?v=OBInV3WJkfg,72299
2046,big beat,spotify:playlist:370tEYE4lZui1vrufdq7xy,Dreadzone,Little Britain - 2012 - Remaster,40,GBAAA1100737,https://www.youtube.com/watch?v=dA-12m_myHY,7298
10305,japanoise,spotify:playlist:5EVoGPRq1fYIcLhFCUiydQ,High Rise,Turn You Cry,13,US2391802002,https://www.youtube.com/watch?v=nTEXoeZGRxs,3493
14418,ragga jungle,spotify:playlist:1w8TCr2tpXhXXHLmYS5gkv,Dijeyow,No Time in Corner,20,FR2W01300097,https://www.youtube.com/watch?v=NPDODbeMLEI,4358
12372,minimal wave,spotify:playlist:61AMB6Oddyl1hEUBd9A9sc,Severed Heads,Dead Eyes Opened,33,USQY51728439,https://www.youtube.com/watch?v=Orr2ZqtijCQ,109358
12379,minimal wave,spotify:playlist:61AMB6Oddyl1hEUBd9A9sc,Sally Dige,It's You I'm Thinking Of,31,uscgh2036755,https://www.youtube.com/watch?v=z0njJ55XtBE,33105
16475,uk funky,spotify:playlist:4lK54lu5nxD3iMlCXMIQwx,DJ MA1,Im Right Here (Naughty Mix),33,USJ3V0837143,https://www.youtube.com/watch?v=H5TVWlxvBcQ,18388
14433,ragga jungle,spotify:playlist:1w8TCr2tpXhXXHLmYS5gkv,"Nanci & Phoebe,Congo Natty,Chopstick Dubplate",Notorious - Congo Natty Meets Chopstick Dubplate Remix,32,GBCB15000002,https://www.youtube.com/watch?v=dx8nBtCxsLw,5555
101,acid jazz,spotify:playlist:7vyHBfRfPOT8Sxy87P5osJ,The K-Creative,K Spells Knowledge - Out & About EP Version,9,GBF080300692,https://www.youtube.com/watch?v=GqV27YtUVXk,354
2159,bitpop,spotify:playlist:5QV9DIzmUFiUiyBGWWAuGc,"tiasu,Popskyy",Duel,20,QZ4JJ1672608,https://www.youtube.com/watch?v=Pnzvg-cCj_4,17687
8307,glitch,spotify:playlist:27smuYGRZZl9q0BCwda8en,Mika Vainio,Stratostaatti,20,FISRG9600010,https://www.youtube.com/watch?v=giFk55cBjww,287070
10370,jazz house,spotify:playlist:4L9GKyeqZOi5rHUoqDZd6z,Uniile,This Must Be Illegal,40,QM24S1839900,https://www.youtube.com/watch?v=uZZSm1LSkm4,1991856
8330,glitch,spotify:playlist:27smuYGRZZl9q0BCwda8en,"Radian,Rafael de la Torre",Detalles,13,ARF411001449,https://www.youtube.com/watch?v=NQ1AyUbzWvU,7741
4247,deconstructed club,spotify:playlist:3uwJeZkSKE219OiTdOV0b0,Rian Treanor,ATAXIA_B2,21,USA2B1900099,https://www.youtube.com/watch?v=tdyT5tlXhEs,233
4256,deconstructed club,spotify:playlist:3uwJeZkSKE219OiTdOV0b0,Vanessa Amara,"Piano, Bells & Two Reversed Tape Loops",18,GBHLW2100814,https://www.youtube.com/watch?v=Mde1I5OOj1o,368
164,acid jazz,spotify:playlist:7vyHBfRfPOT8Sxy87P5osJ,Cloud Nine,Gonna Be Alright (Nookie Remix) [2011 Remastered Mix],18,GBKPL1139899,https://www.youtube.com/watch?v=Grq9SBcvWkM,11010
10404,jazz house,spotify:playlist:4L9GKyeqZOi5rHUoqDZd6z,"Kapote,Session Victim",Fuck Music - Session Victim Remix,31,DEBY41200174,https://www.youtube.com/watch?v=qgzx5hNNrCc,25658
16548,uk funky,spotify:playlist:4lK54lu5nxD3iMlCXMIQwx,Dotstar,Xpensive - Original,7,GBG8J1100002,https://www.youtube.com/watch?v=lwLdl-6wmpg,660
6312,electroclash,spotify:playlist:2lvWEEJ981sRN5GQzBvayl,Chicks On Speed,We Don't Play Guitars,35,DEG120301002,https://www.youtube.com/watch?v=sK9XQLSpFBA,362604
6313,electroclash,spotify:playlist:2lvWEEJ981sRN5GQzBvayl,Kap Bambino,Dead Lazers,34,FR6P10900040,https://www.youtube.com/watch?v=6JnFTRbLYTc,535552
12474,moombahton,spotify:playlist:7iszolrnuUqc01LQaBqqII,"Jack & Lewis,Puri",Brukka (feat. Puri),39,TCACX1721984,https://www.youtube.com/watch?v=Re5dZ1hICsw,95924
2235,bleep techno,spotify:playlist:74l4cXfulumPoQ7EyasgY8,Aleksi Perälä,Kinetic Theory,22,UK74R1403432,https://www.youtube.com/watch?v=_93qMAOKyWw,5077
2238,bleep techno,spotify:playlist:74l4cXfulumPoQ7EyasgY8,Steve Poindexter,Computer Madness,22,DEG931591218,https://www.youtube.com/watch?v=WSaanHyWXww,281956
14535,raggatek,spotify:playlist:4UPY78QrXrmlSAE722apfN,C3B,Untold Stories,23,CH6541804671,https://www.youtube.com/watch?v=wmrcewiviIc,548731
8412,goa trance,spotify:playlist:7iuklwaJAAJFkN7FEGPDvo,Pleiadians,Alcyone,16,IL1210704107,https://www.youtube.com/watch?v=u2SHbGunPFU,1235
14563,raggatek,spotify:playlist:4UPY78QrXrmlSAE722apfN,Suburbass,The Bass Pusher,13,DEZ650816365,https://www.youtube.com/watch?v=UoXpbIOr6KM,488
8424,goa trance,spotify:playlist:7iuklwaJAAJFkN7FEGPDvo,Mindsphere,Zygote,10,SEYOK1605010,https://www.youtube.com/watch?v=qGYiieZciAg,2874
12521,moombahton,spotify:playlist:7iszolrnuUqc01LQaBqqII,"SQRTL Squad,Ortega",Maluca,13,TCAEH1934341,https://www.youtube.com/watch?v=mPS3z0k7yUA,24481
16621,uk garage,spotify:playlist:62PxpGVt45pYZ8O66VVZWP,Club Asylum,Club Lonely,18,GBKWG1000007,https://www.youtube.com/watch?v=9xkLvEUliUI,1072
10485,jazztronica,spotify:playlist:69OpOkQ8dkxZGn4If6ry6G,Mop Mop,Kamakumba,44,DEEQ71202903,https://www.youtube.com/watch?v=WBsIKQEGQ_A,268958
4342,deep house,spotify:playlist:4ZRv1fFjjwpgAcosytT3bd,Bah Samba,Let the Drums Speak,38,GBDCD0500018,https://www.youtube.com/watch?v=ivu-dko1TPs,86840
4351,deep house,spotify:playlist:4ZRv1fFjjwpgAcosytT3bd,"DJ Fudge,Hallex M,Omar",Simpatico,34,ITK141401113,https://www.youtube.com/watch?v=47Zj7JpgBx4,137979
16651,uk garage,spotify:playlist:62PxpGVt45pYZ8O66VVZWP,Gemma Fox,Might Be Dexplicit,23,QMEZE1804205,https://www.youtube.com/watch?v=Phj_R4Vv3j8,26020
269,acid techno,spotify:playlist:1f0ODk7IQYTRx3PxZlCeAy,Tensal,Bihotxak - Original mix,16,NLCK41058630,https://www.youtube.com/watch?v=Ris63uNxgus,276
14618,rawstyle,spotify:playlist:1EICh4qNolTgW5VnUDpXg7,"Ncrypta,Fraw",Omega,38,GBLV61904449,https://www.youtube.com/watch?v=c6wygvw62hE,151953
14619,rawstyle,spotify:playlist:1EICh4qNolTgW5VnUDpXg7,X-Pander,Move Your Body,32,NLFL72000176,https://www.youtube.com/watch?v=l_K2VdD648w,10589
290,acid techno,spotify:playlist:1f0ODk7IQYTRx3PxZlCeAy,Arnaud Le Texier,Grunge,10,GBBVL1905631,https://www.youtube.com/watch?v=V8GmZ99n1mA,4769
10534,jazztronica,spotify:playlist:69OpOkQ8dkxZGn4If6ry6G,DJ Logic,Ah Yeah,19,QMFME1330952,https://www.youtube.com/watch?v=77dxA6S_BpY,3217
8489,gqom,spotify:playlist:0V6rAUFWyVrTdxt701eZDh,"Dlala Thukzin,Iso",Nika Nika - Magical Remix,32,ZAVEH2000006,https://www.youtube.com/watch?v=M9Wih0Pmzls,386973
2349,boogie,spotify:playlist:4vLb33ufLI6jjyGh4jpz9P,McKenzie & Gardiner,From Time - Groove Version,16,UK45J1300001,https://www.youtube.com/watch?v=fSjvTdPY_YQ,9116
304,acid trance,spotify:playlist:0rSDQ760FMUfBOFSAlnC8M,"Eternal Basement,Christian Craken",Yellow Dolphins & Air Liquide - Christian Craken Remix,8,DEKB71975427,https://www.youtube.com/watch?v=noWcMZGP3VE,28173
307,acid trance,spotify:playlist:0rSDQ760FMUfBOFSAlnC8M,"Nexus 6,Acrid Abeyance",Ab-Chic - Acrid Abeyance Remix,8,DEE829800327,https://www.youtube.com/watch?v=iTVqZk3pb14,35654
6453,electronica,spotify:playlist:6I0NsYzfoj7yHXyvkZYoRx,Simian Mobile Disco,I Believe,38,USUM70744394,https://www.youtube.com/watch?v=CF3UxP3EaZc,1054357
6458,electronica,spotify:playlist:6I0NsYzfoj7yHXyvkZYoRx,Waldeck,Memories,30,AUF921100053,https://www.youtube.com/watch?v=zM39EUa1uQk,810799
8506,gqom,spotify:playlist:0V6rAUFWyVrTdxt701eZDh,"Sparks Bantwana,Dj Sox",Qolo Lami,29,ZAEI71800709,https://www.youtube.com/watch?v=xoIUKL2UnSs,1536332
12603,neurofunk,spotify:playlist:4Pbi9IXKK2lD9VnHO2wGxO,"Sinister Souls,Fragz,Hallucinator",Alive,24,NLCK41043946,https://www.youtube.com/watch?v=yt4iAl2CCPI,42204
6463,electronicore,spotify:playlist:3Ma38ruHiz5DzF1Pb4sY1Y,This Is Falling,Nothing On (But the Radio),9,ushm81938911,https://www.youtube.com/watch?v=NE6gAhZAmtw,300
2371,boogie,spotify:playlist:4vLb33ufLI6jjyGh4jpz9P,The Gunchback Boogie Band,Funn,10,CAU118200486,https://www.youtube.com/watch?v=4kVsO8PORQo,10290
4427,detroit techno,spotify:playlist:6eKMGlc0PX3mNLAJOFUDUB,Richie Hawtin,Minus/Orange 1,28,CAM269950001,https://www.youtube.com/watch?v=sq1ZYSuEnu8,649759
12621,neurofunk,spotify:playlist:4Pbi9IXKK2lD9VnHO2wGxO,"Merikan,Inward,Hanzo,Randie",Reverse Coded,16,GB8KE1850355,https://www.youtube.com/watch?v=fGchwzW6yD4,49730
16721,uplifting trance,spotify:playlist:2bV5j3UH5k9rMxJywzTYKu,"Philippe El Sisi,Omar Sherif",People Of Tomorrow (ASOT 1031),34,NLF712107930,https://www.youtube.com/watch?v=K5C_zaGSMGI,1245
4434,detroit techno,spotify:playlist:6eKMGlc0PX3mNLAJOFUDUB,Cybotron,Alleys Of Your Mind,27,USFI88300054,https://www.youtube.com/watch?v=kMHNhJJnve4,277606
6506,electronicore,spotify:playlist:3Ma38ruHiz5DzF1Pb4sY1Y,"Final Story,BEAR",Bulletproof,18,QMFME1932271,https://www.youtube.com/watch?v=CkgQXFA2BPc,2434
10602,jersey club,spotify:playlist:0MwWDReLQ2CbFF4RNV7p2J,Ase Manual,Lawdaa Mercy,20,QZK6N2035923,https://www.youtube.com/watch?v=CmYOet68nec,2793
16758,uplifting trance,spotify:playlist:2bV5j3UH5k9rMxJywzTYKu,"Protoculture,Diana Miro",Seconds,36,NLF712011911,https://www.youtube.com/watch?v=SCH3hAh6Sp0,128638
2423,brazilian bass,spotify:playlist:1rhRPl3CJrszlIzllhvW25,Hoover's,Poperom,32,USLZJ2019919,https://www.youtube.com/watch?v=Y-lS-1QthPo,7431
12670,new beat,spotify:playlist:3FYtlLBnRUa6zk77HtEwXo,The Neon Judgement,The Fashion Party,27,BEN580400359,https://www.youtube.com/watch?v=2krPtELFkks,148371
10625,jersey club,spotify:playlist:0MwWDReLQ2CbFF4RNV7p2J,"DJ Smallz 732,Kyle Edwards",Gucci Gang (Jersey Club),13,TCADJ1770309,https://www.youtube.com/watch?v=hPrsreTXG1M,18436
4490,digital hardcore,spotify:playlist:2fqbzU1sBBZ3gW61Q7qYhp,Atari Teenage Riot,Speed,40,GBBXA9500022,https://www.youtube.com/watch?v=plAr3adKbyc,914161
2450,brazilian bass,spotify:playlist:1rhRPl3CJrszlIzllhvW25,"Pimp Chic!,P.A.D.D",The Time,21,US83Z2005441,https://www.youtube.com/watch?v=ek2XOYHy290,23155
8598,hands up,spotify:playlist:29l2v5sGaKTBwZd9I74CfA,Manox,Almost Lover - Nightcore Edit,41,DEHK91687803,https://www.youtube.com/watch?v=iutTpDcKP2M,15643
8599,hands up,spotify:playlist:29l2v5sGaKTBwZd9I74CfA,Rob Mayth,Barbie Girl - Single Edit,40,DET190600460,https://www.youtube.com/watch?v=ErzXj9gt0Zk,143520
14742,sambass,spotify:playlist:3rtVTR62F5JRdaWabccLGH,Cybass,Cut U,12,QZES91815661,https://www.youtube.com/watch?v=uJmrD6NXNM4,23666
12697,new beat,spotify:playlist:3FYtlLBnRUa6zk77HtEwXo,Public Relations,Public Relations,14,BEZ351300205,https://www.youtube.com/watch?v=i7YG8XMptvE,41470
4522,digital hardcore,spotify:playlist:2fqbzU1sBBZ3gW61Q7qYhp,Christoph De Babalon,What You Call a Life,17,GBBXA9700305,https://www.youtube.com/watch?v=BkKIjHHRxkg,26414
428,acidcore,spotify:playlist:23TcHEHll7Ds78hkaiohPx,Sköne,"Fin de ce qui est relatif à la nature, au temps, à la conscience et aux perspectives (2h44)",32,QZES92113476,https://www.youtube.com/watch?v=80ORhp05Iig,46657
2488,breakbeat,spotify:playlist:1yckyfEZtFkkq7UPXHbLwi,PMT,Necromancer,7,GBJRQ0700019,https://www.youtube.com/watch?v=4DJOxBG6mpk,13426
14796,sambass,spotify:playlist:3rtVTR62F5JRdaWabccLGH,"Bossacucanova,Roberto Menescal",Bossa Got The Blues,28,BRB5T1900007,https://www.youtube.com/watch?v=vRjuxOPiDRM,2788
8659,happy hardcore,spotify:playlist:17TwTPITOWP0Ep9joASCrm,"Ruffneck,Yavahn",Everybody Be Somebody - Lucas & Steve Remix,8,USE1R1440401,https://www.youtube.com/watch?v=yk-mkfKAk08,33247
10709,jumpstyle,spotify:playlist:0YLPrzWklBgy152fwVL0iT,Danny Casseau aka Trax-x,Gravity - Lethal MG remix,14,BE0960800005,https://www.youtube.com/watch?v=MJkGlUCdT-I,994
10713,jumpstyle,spotify:playlist:0YLPrzWklBgy152fwVL0iT,Junior Waxx,Banging Record - Point Blanc remix,11,BEB681000148,https://www.youtube.com/watch?v=a5JUWq3v3vc,11216
16860,vaporwave,spotify:playlist:6R9NIMDGt0sK7k1EggBAhj,Vincent Remember,Bathroom Vibes,12,GBKPL1953537,https://www.youtube.com/watch?v=VJnF94IWPkE,765
482,acidcore,spotify:playlist:23TcHEHll7Ds78hkaiohPx,Farfacid,De souille et d'acid,12,FXQ692000159,https://www.youtube.com/watch?v=4hy_B-Oo014,1830
16870,vaporwave,spotify:playlist:6R9NIMDGt0sK7k1EggBAhj,HiiBoys,Early Girl THC 12%,11,QM4DW1783115,https://www.youtube.com/watch?v=viSqzNGwLsA,345
6640,ethereal wave,spotify:playlist:54eDlcyhSBrHMt6dbHyFWp,Claire Voyant,Her,16,US57M0963702,https://www.youtube.com/watch?v=SbsnY_lZYhg,77513
16884,vocal trance,spotify:playlist:4pkYvU2Gr39rQZ8JWzbdyc,Neev Kennedy,Sail The Stormy Waters,14,NLC731800012,https://www.youtube.com/watch?v=WGFmvK2p6Zs,20513
6648,ethereal wave,spotify:playlist:54eDlcyhSBrHMt6dbHyFWp,Lisa Gerrard & Marcello De Francisci,Let the Rest Go,14,AUUW31000130,https://www.youtube.com/watch?v=VlYZV6jWhg0,487
512,afro house,spotify:playlist:6JBXZSjISi9ugN1Q0Ku9cN,China Charmeleon,Bomalume,40,ZAG8M2000373,https://www.youtube.com/watch?v=keelwHGHUdg,57496
8705,happy hardcore,spotify:playlist:17TwTPITOWP0Ep9joASCrm,Bodylotion,Always Hardcore,32,NLC050500196,https://www.youtube.com/watch?v=pzu-xTIhTPE,1905817
2563,breakbeat,spotify:playlist:1yckyfEZtFkkq7UPXHbLwi,"Lee Coombs,Dylan Rhymes",Alright All Night featuring Dylan Rhymes,12,GBFEK0400139,https://www.youtube.com/watch?v=Ch6_sBYoosU,1457
12807,new rave,spotify:playlist:3ZlEqn2WSADG2wVMPhKHsd,Midnight Juggernauts,Into the Galaxy - Radio Version,39,AUIB20800005,https://www.youtube.com/watch?v=J6SKNEYvZvQ,1321402
14855,schranz,spotify:playlist:0oVmOYzfm6lZehEnLSCCkj,Golpe,I Am Your Dealer - Boris S. Remix,10,NLCK41400268,https://www.youtube.com/watch?v=VkVEGsUdg5g,60011
14863,schranz,spotify:playlist:0oVmOYzfm6lZehEnLSCCkj,"Gayle San,Christian Craken",Palmetto - Christian Craken Remix,11,DEH741812276,https://www.youtube.com/watch?v=ZBwY5NcTh-k,53140
12822,new rave,spotify:playlist:3ZlEqn2WSADG2wVMPhKHsd,Kap Bambino,Dead Lazers,34,FR6P10900040,https://www.youtube.com/watch?v=6JnFTRbLYTc,535555
2583,breakcore,spotify:playlist:3OBvO6hmsS5BsYbciDddW7,Vorpal,Gymnopedie v1.01,8,USGGP0782106,https://www.youtube.com/watch?v=rnOcQ0s41eM,589
545,afro house,spotify:playlist:6JBXZSjISi9ugN1Q0Ku9cN,"AIKON,Re.You",Coming Back - Re.You Remix,31,DEGL62100031,https://www.youtube.com/watch?v=311-BqDUPf4,2417
4643,disco house,spotify:playlist:7tW3eTmzzYNNyEmi9qHdQC,"Todd Terry,Gypsymen,David Penn",Babarabatiri - David Penn Remix,39,CA7C61800138,https://www.youtube.com/watch?v=xttV_4mVi5w,55553
16931,vocal trance,spotify:playlist:4pkYvU2Gr39rQZ8JWzbdyc,Zoë Johnston,Be Courageous,12,TCAEZ2068900,https://www.youtube.com/watch?v=VzyX-w3X5ow,4811
6701,euphoric hardstyle,spotify:playlist:7kUeKVMrA3eMZNP4p8HKVi,Devin Wild,Broken,42,NLH2L2100038,https://www.youtube.com/watch?v=WkbBOY7_QSQ,52891
10800,jungle,spotify:playlist:35Ezi6bCni1zwVOW2rOWDj,"Original Sin,Eksman",Headshot,34,UKK762139002,https://www.youtube.com/watch?v=HGhzKyr2Q4I,7418
4660,disco house,spotify:playlist:7tW3eTmzzYNNyEmi9qHdQC,Demuir,High. Alive. And Dirty.,29,GBK6Y1913602,https://www.youtube.com/watch?v=tnsE1tNFoxI,49290
8758,hard trance,spotify:playlist:3S1y29gI6Wpchw9YCBHXM9,Thomas Rubin,Cold Night - DJ Scot Project Remix,9,DEBL60700364,https://www.youtube.com/watch?v=q19s9EU2stg,59208
2616,breakcore,spotify:playlist:3OBvO6hmsS5BsYbciDddW7,DJ Donna Summer,Such Language,26,USGGP0801807,https://www.youtube.com/watch?v=ZOA0qMU52wU,84896
6720,euphoric hardstyle,spotify:playlist:7kUeKVMrA3eMZNP4p8HKVi,Cyber,Be Here,35,BEB681700078,https://www.youtube.com/watch?v=aLR7Pc3MRbg,87097
14916,skweee,spotify:playlist:35woouyNDBZLI0bKnZmE3s,Baba Stiltz,Running to Chad,42,GBKPL2023876,https://www.youtube.com/watch?v=1od-wViMog0,13223
10838,jungle,spotify:playlist:35Ezi6bCni1zwVOW2rOWDj,"Nicky Blackmarket,DJ Phantasy,Skibadee,DJ Rahmanee",Crank - DJ Rahmanee Remix,12,GBDLA1280072,https://www.youtube.com/watch?v=4GAsZEYjC7M,3415
16983,witch house,spotify:playlist:0qRB6EMArr8xLzHOK7th7o,Mater Suspiria Vision,Seduction of the Armageddon Witches,12,USYBL1100408,https://www.youtube.com/watch?v=OIgJNLpypKI,32025
14943,skweee,spotify:playlist:35woouyNDBZLI0bKnZmE3s,Stiletti-Ana,Pro One,18,DEVH21800332,https://www.youtube.com/watch?v=3TTd8Cp63s0,170
4724,disco polo,spotify:playlist:1HwHGzGFWk5nhDkezPcOAK,Power Boy,Miłość Na Pokaz,35,PLO382003337,https://www.youtube.com/watch?v=DvPLGYq51Sc,1882304
8830,hard trance,spotify:playlist:3S1y29gI6Wpchw9YCBHXM9,Überdruck,Drugface - Überdruck Mix,13,DEZ170400022,https://www.youtube.com/watch?v=e9dMBjZ5lco,27538
12929,new romantic,spotify:playlist:4c8FDUUCm33WYC9xztAGYT,Arcadia,Election Day - 2010 Remaster,38,GBAYE0902799,https://www.youtube.com/watch?v=OgBgfHJcXuI,89288
10883,kawaii future bass,spotify:playlist:1L3GAiiBL5sBNbDEAMGMEA,Nom Tunes,A Moment to Remember,43,QM24S1927103,https://www.youtube.com/watch?v=8xgJf_QMZio,41492
12932,new romantic,spotify:playlist:4c8FDUUCm33WYC9xztAGYT,Toyah,It's a Mystery,37,GBXPL9431501,https://www.youtube.com/watch?v=MBf4g65ZAnI,49997
10886,kawaii future bass,spotify:playlist:1L3GAiiBL5sBNbDEAMGMEA,Nanahira,Bassdrop Freaks - Long Ver.,43,JPC231501216,https://www.youtube.com/watch?v=3XOHrUm09Js,19069
4743,disco polo,spotify:playlist:1HwHGzGFWk5nhDkezPcOAK,Mirage,To Proste Tak,29,PLO381500427,https://www.youtube.com/watch?v=aZ5wS-24Uaw,20455025
6800,eurobeat,spotify:playlist:2FxGFGXJi4yawmWPH5ZYJP,Ayumi Hamasaki,July 1st,40,JPB600235602,https://www.youtube.com/watch?v=fV77H4_dxe8,937749
17058,witch house,spotify:playlist:0qRB6EMArr8xLzHOK7th7o,//Tense//,The Chain,12,USYBL1002365,https://www.youtube.com/watch?v=nWPWSAYwS4A,20562
676,afroswing,spotify:playlist:5cxxxlEnpCUjwB3YdHMYEd,"Scratch,Oxlade",Plenty Lovin',31,ZZOPM2002966,https://www.youtube.com/watch?v=03ZstHQ9F08,388091
680,afroswing,spotify:playlist:5cxxxlEnpCUjwB3YdHMYEd,AdeJosh,Reload It,27,GBUM71904318,https://www.youtube.com/watch?v=bf70pGfkKrk,61629
2736,broken beat,spotify:playlist:1rnJHknpDL8e9EjJeI7d1V,Brotherly,System,25,GBMQY0600014,https://www.youtube.com/watch?v=LGKQv6P35Iw,26075
15028,slap house,spotify:playlist:1TAxbbKCs6rlEQcrdVWYmW,"GARRY B,Arthur Kody",Easy To Hyde,42,GBKQU2149273,https://www.youtube.com/watch?v=F-pzJ3SHPZk,2026
8887,hardcore breaks,spotify:playlist:3Xf5DQq60Gssc5ccah89wW,DJ Phase,Dancing,14,NLD910400293,https://www.youtube.com/watch?v=ILK-lMja-uI,207
8890,hardcore breaks,spotify:playlist:3Xf5DQq60Gssc5ccah89wW,Damage Inc.,To The Extreme,12,NLC050201313,https://www.youtube.com/watch?v=2Cul7UooqY0,2840
2747,broken beat,spotify:playlist:1rnJHknpDL8e9EjJeI7d1V,"Kay Suzuki,Z Lovecraft",Juno Psycle,16,DEG932000356,https://www.youtube.com/watch?v=6PG-lFKGXYA,1114
6849,eurobeat,spotify:playlist:2FxGFGXJi4yawmWPH5ZYJP,VIRGINELLE,HOT LOVE & EMOTION,14,JPB609370275,https://www.youtube.com/watch?v=Mwe-NMTrg78,10332
10954,krautrock,spotify:playlist:3IttYEBZxFNRk0J6eZaHDd,Floh de Cologne,"Fliessbandbaby, manchmal träum ich",9,DEZ431120702,https://www.youtube.com/watch?v=hhETi7gAEos,14716
739,aggrotech,spotify:playlist:710IY6IOVa3h64CvE0INWb,:Wumpscut:,Loyal To My Hate,30,US57M1064708,https://www.youtube.com/watch?v=QUC2txdZ5bE,23869
13030,new wave,spotify:playlist:1ydxatu4wrujF0H2hGU8IR,Magazine,Shot By Both Sides,38,GBAAA7800009,https://www.youtube.com/watch?v=ybUqM8jf3mU,1179616
13031,new wave,spotify:playlist:1ydxatu4wrujF0H2hGU8IR,Adam & The Ants,Stand and Deliver,37,GBBBN8102016,https://www.youtube.com/watch?v=4B2a6l6wM2k,11233397
13033,nintendocore,spotify:playlist:0oSBswMPV792Pth26EyI7N,Horse The Band,Murder,33,USKO10700861,https://www.youtube.com/watch?v=-2jRYkOaP_Y,96590
4848,diva house,spotify:playlist:0kAFZCbHemKb8RxZhDPZbv,"Angie Brown,Richard Earnshaw,Mighty Mouse",Believe - Mighty Mouse Remix,25,UKJWJ2100090,https://www.youtube.com/watch?v=TBqPKzmdqhs,1027
13040,nintendocore,spotify:playlist:0oSBswMPV792Pth26EyI7N,Dungeon Elite,Tyrael,8,DEBL60422898,https://www.youtube.com/watch?v=dZUXLAukFiI,38936
15090,slap house,spotify:playlist:1TAxbbKCs6rlEQcrdVWYmW,Sandronix,Rhythm Is a Dancer,35,QZK6M2024620,https://www.youtube.com/watch?v=b8zk6Fy71TU,76723
15093,soulful house,spotify:playlist:5KloWVVDflJ495FWRbh0QE,"DJ Spen,Ziggy Funk,Gary Hudgins",Don't Be Afraid,39,GB3TQ1200643,https://www.youtube.com/watch?v=mLOta7qRKns,1940
767,aggrotech,spotify:playlist:710IY6IOVa3h64CvE0INWb,Life Cried,As We Decay,16,DEAD20610433,https://www.youtube.com/watch?v=woysm2Kzqe4,3511
4863,diva house,spotify:playlist:0kAFZCbHemKb8RxZhDPZbv,Jeanie Tracy,Can I Come over and Play with You Tonight,12,GBRH31200073,https://www.youtube.com/watch?v=N28WWNuvghs,25124
4870,doomcore,spotify:playlist:3OFavLb9tW7gAThaWdthHx,Xaero,Alone in Oblivion,9,BEDB21702903,https://www.youtube.com/watch?v=M73Bjg2p0zk,9674
4872,doomcore,spotify:playlist:3OFavLb9tW7gAThaWdthHx,"Mindwalker,Embrionyc,Mia",We Cry in Music,7,NLTC31502243,https://www.youtube.com/watch?v=2R5XskFjW0c,6822
11026,krautrock,spotify:playlist:3IttYEBZxFNRk0J6eZaHDd,Ainigma,All Things Are Fading,10,DEA431200128,https://www.youtube.com/watch?v=f2Gn04PtLn8,1810
8980,hardstyle,spotify:playlist:49gROGYXXsoGl3DQxGcmdb,Hyperion,Forever,41,NLDD61800176,https://www.youtube.com/watch?v=86U9245f6BU,12514245
2841,brostep,spotify:playlist:6dvgLyeXG3HLGqtMa8wAX0,Cookie Monsta,Ginger Pubes,44,GBQZQ0901964,https://www.youtube.com/watch?v=mpMza3Nwe-E,2537063
15133,soulful house,spotify:playlist:5KloWVVDflJ495FWRbh0QE,"The Layabouts,Portia Monique",Colours Of Love - The Layabouts Vocal Mix,35,GB7GV1312001,https://www.youtube.com/watch?v=C_epXw9SSvA,1461787
2846,brostep,spotify:playlist:6dvgLyeXG3HLGqtMa8wAX0,"Dodge & Fuski,Virus Syndicate",Flat Line,43,FR10S1793737,https://www.youtube.com/watch?v=jmEhLqFpzqU,60834
6951,eurodance,spotify:playlist:4jw4G9J55p7tXV2xEAGUj4,Pandera,In My Dreams,26,DEZ650510255,https://www.youtube.com/watch?v=zSzsI7iMqcc,7397536
6953,eurodance,spotify:playlist:4jw4G9J55p7tXV2xEAGUj4,Tina Cousins,Mysterious Times,24,GBAWV9800998,https://www.youtube.com/watch?v=y1T1dS-bh4s,19318626
6966,fidget house,spotify:playlist:6vat2V2zBVw4cVQyp62EBQ,Stupid Fresh,Do the Dog,7,GB5GX1000005,https://www.youtube.com/watch?v=YAQ-FvMn2RA,2981
9051,hardstyle,spotify:playlist:49gROGYXXsoGl3DQxGcmdb,"Enemy Contact,Hardstyle Pianist,Sewy",Eternity,23,NLS761800130,https://www.youtube.com/watch?v=YW66EiazO0E,97503
863,alternative dance,spotify:playlist:5LwcdWTCx2JoWeVVWOYsGj,Holy Ghost!,Anxious,42,QMRSZ1801610,https://www.youtube.com/watch?v=cJGOH7HCJ2g,48247
867,alternative dance,spotify:playlist:5LwcdWTCx2JoWeVVWOYsGj,Van She,Idea Of Happiness - Original,40,AUUM71200002,https://www.youtube.com/watch?v=-xDYWPnHdMA,37338
7011,fidget house,spotify:playlist:6vat2V2zBVw4cVQyp62EBQ,Calvertron,50K - Original Mix,16,US8DZ1301209,https://www.youtube.com/watch?v=Q-u97w-n5zk,161730
11108,kuduro,spotify:playlist:1BRJmIuTmwJPrwQdusX91F,"Tia Maria Produções,DJ Danifox",Xupetilson,21,DEX262000435,https://www.youtube.com/watch?v=-9veFcbbl_0,3083
13156,nitzhonot,spotify:playlist:4LfTA71lypx7XfDpvMZXae,Alien Operator,Moons Of Pandora,11,GBKQU1831591,https://www.youtube.com/watch?v=JuR6CsIQQr4,562
9071,hardvapour,spotify:playlist:3uxKTCL9tzfBk4waAP3u9F,death's dynamic shroud,너 땜에 맘이 맘이 맘이 맘이 괴로워요,40,ushm81868936,https://www.youtube.com/watch?v=2dmiIE7qdAA,22139
11125,kuduro,spotify:playlist:1BRJmIuTmwJPrwQdusX91F,"Mestre Dangui,Afro Madjaha",Brutu Brutu,15,FR9W11611219,https://www.youtube.com/watch?v=XzBjt7EIN5Q,75550
2948,bubblegum dance,spotify:playlist:2FYJ3kw41qQGBtIDhusO7L,SMiLE.dk,Koko Soko,40,SEYW51300205,https://www.youtube.com/watch?v=vSrsob02QX8,832794
13188,nitzhonot,spotify:playlist:4LfTA71lypx7XfDpvMZXae,Afgin,Old Is Gold (Part 2),9,SEYOK0994585,https://www.youtube.com/watch?v=GjDSUU2dW_I,7853
9097,hardvapour,spotify:playlist:3uxKTCL9tzfBk4waAP3u9F,Ｏｃｅａｎ Ｓｈｏｒｅｓ,WINDOWPANE,29,QZBRF1815310,https://www.youtube.com/watch?v=l1xBzABomz0,407
15248,sovietwave,spotify:playlist:4WQXurIqquq1yIaIbxWsSa,Импульс-80,Луч надежды,18,AEA0D1942187,https://www.youtube.com/watch?v=gBn5smvA4sw,8009
15249,sovietwave,spotify:playlist:4WQXurIqquq1yIaIbxWsSa,Весна 310,Расцвет,13,RUA3R2061553,https://www.youtube.com/watch?v=VwkF_GQlH2s,121
11163,kwaito,spotify:playlist:20RJLH7bkXLWkHdvrdcszw,Kamazu,Indaba Kabani,38,ZAUM70705249,https://www.youtube.com/watch?v=jBaAUIFwbek,258068
2975,bubblegum dance,spotify:playlist:2FYJ3kw41qQGBtIDhusO7L,"Banaroo,Carsten Wegener,Timo Hohnholz",Dubi Dam Dam,15,DEBA20500001,https://www.youtube.com/watch?v=0zoSzwK0BdM,4806
11176,kwaito,spotify:playlist:20RJLH7bkXLWkHdvrdcszw,"DJ Sbu,Zahara",Lengoma,30,ZAA041100307,https://www.youtube.com/watch?v=OEV_4xBrMJU,817231
5046,downtempo,spotify:playlist:5zxj55xrB53As97uvt5x8x,Banco De Gaia,Farewell Ferengistan,34,GBCSF0600100,https://www.youtube.com/watch?v=GeTEshtA-ek,5068
13239,nu skool breaks,spotify:playlist:6BfYBqrSm30CXrqFwecv5d,"The Rogue Element,Miss Trouble",Let Me Breathe,17,GBEKG0300115,https://www.youtube.com/watch?v=cw88RMf3JiU,1400
5053,downtempo,spotify:playlist:5zxj55xrB53As97uvt5x8x,Little Dragon,Ritual Union,31,GBEWK1100037,https://www.youtube.com/watch?v=0Yeb3q5nqWA,5125549
965,alternative hip hop,spotify:playlist:2kHQTJJWXc54i8mX8ndYdf,Pharoahe Monch,Behind Closed Doors,41,US92U1900601,https://www.youtube.com/watch?v=TBPGFTcOuuw,60213
973,alternative hip hop,spotify:playlist:2kHQTJJWXc54i8mX8ndYdf,"Jean Grae,Chen Lo",Threats,40,USA560843372,https://www.youtube.com/watch?v=P2W8QviJWhk,11075
3022,chicago house,spotify:playlist:6Wel9lJLvOpiZHBJNF19jn,Fast Eddie,Acid Thunder,31,QM8RJ1400046,https://www.youtube.com/watch?v=C6V9WBTJlhw,763762
5074,dream trance,spotify:playlist:0m1icO5Ea5t8btM4xQ7mHT,Magnetic Pulstar,Secret Love - Radio Version,7,DEP991400007,https://www.youtube.com/watch?v=BPv7nEiQLtU,2541
7122,folktronica,spotify:playlist:6JPd0xG3fBmhUSlxsTfPyW,Tunng,Bullets,30,GBJXP0700404,https://www.youtube.com/watch?v=9OaO81kL6EM,801019
15317,speed garage,spotify:playlist:74tAe4b6IqbWoEZPusHk5d,Rosie Gaines,Closer Than Close (Mentor Remake),39,ushm81557413,https://www.youtube.com/watch?v=LXGcsIMi2Z0,5711
3035,chicago house,spotify:playlist:6Wel9lJLvOpiZHBJNF19jn,Ron Trent,I Feel The Rhythm,27,GBEWK9900023,https://www.youtube.com/watch?v=e6UOL_bOUj0,47002
9185,hauntology,spotify:playlist:7yKED2Klt77liZOLVAwzma,"Laurel Halo,Hodge",Tru,30,GBRYX1800233,https://www.youtube.com/watch?v=7O5a5rUR2uo,33922
13287,nu skool breaks,spotify:playlist:6BfYBqrSm30CXrqFwecv5d,Access Denied,Funk You - Original Mix,10,CA5KR1048247,https://www.youtube.com/watch?v=0DR6zDfbtXM,510
7145,folktronica,spotify:playlist:6JPd0xG3fBmhUSlxsTfPyW,"Johann Sebastian Bach,Paul de Jong",Number Man,15,USQX91400647,https://www.youtube.com/watch?v=C1GsS7eazfo,968
5099,dream trance,spotify:playlist:0m1icO5Ea5t8btM4xQ7mHT,Kadoc,The Nighttrain - Original,42,GB01A9600034,https://www.youtube.com/watch?v=l-0NXVJtHus,684883
15353,speed garage,spotify:playlist:74tAe4b6IqbWoEZPusHk5d,Fabulous Baker Boys,Oh Boy - Ramsay & Fen Remix,21,GBTYZ0800373,https://www.youtube.com/watch?v=jcUGU9ii_Vg,77063
9212,hauntology,spotify:playlist:7yKED2Klt77liZOLVAwzma,Cosmic Dennis Greenidge,Cuckoo Clock,17,GBYET1200462,https://www.youtube.com/watch?v=05zvtHxgHeU,80
1039,amapiano,spotify:playlist:7xgfzFRkpWzI55LljwwuhO,Zero12Finest,Baby Are You Coming?,30,ZA82Y1901205,https://www.youtube.com/watch?v=SldyCVP02VM,1854577
11279,latin house,spotify:playlist:4RAw5T49Kgd7BdsFsWe4qS,Sandy & Papo Mc,El Alacrán,40,USPR79700348,https://www.youtube.com/watch?v=rcWYb5Nqb_U,7214003
15385,speedcore,spotify:playlist:0PScKDOlpRri7jiwVxB1qQ,"SRB,RTC",Attack The Flow,19,NLS161500245,https://www.youtube.com/watch?v=JsJU-wGSxV4,9091
13338,outsider house,spotify:playlist:2B6gPUsTqEgz2W7W6gEOt3,Barker,Paradise Engineering,35,DELG71401087,https://www.youtube.com/watch?v=_7Inklujb3Q,61952
15397,speedcore,spotify:playlist:0PScKDOlpRri7jiwVxB1qQ,"DJ Mutante,Mr. Bassmeister,Nayami",Sex And Violence,27,QZES62107374,https://www.youtube.com/watch?v=kCiNErXMpAg,2736
11304,latin house,spotify:playlist:4RAw5T49Kgd7BdsFsWe4qS,"River Ocean,LA INDIA","Love & Happiness (Yemaya Y Ochùn) [feat. India] - 12"" Club Mix",27,USSR39400401,https://www.youtube.com/watch?v=gtgEWiWEk7w,201568
7216,footwork,spotify:playlist:2TGq3rEqYHLaHh8cFyg8vm,DJ Orange Julius,Still Geekin',17,CH6541716220,https://www.youtube.com/watch?v=KGGEL6RJwIE,8409
3121,chillstep,spotify:playlist:22pjJtfW7sA4PiaruUB5yN,"Shockline,Truly High,Haley Maze",Need You (Acoustic),41,TCAFM2194860,https://www.youtube.com/watch?v=R2EqLXIj4Ro,69
1077,amapiano,spotify:playlist:7xgfzFRkpWzI55LljwwuhO,"Zing Mastar,Bentley,Parepa",Motsoko,11,ZAT541800381,https://www.youtube.com/watch?v=D3zBBfjtySc,10983
13365,outsider house,spotify:playlist:2B6gPUsTqEgz2W7W6gEOt3,Octo Octa,Find Your Way Home,43,US3282000017,https://www.youtube.com/watch?v=QqiZIe-Z7TU,5830
7231,footwork,spotify:playlist:2TGq3rEqYHLaHh8cFyg8vm,Young Smoke,Wouldn't Get Far,10,US78Q1110271,https://www.youtube.com/watch?v=60rIdmbnZSg,10288
9301,hi-nrg,spotify:playlist:3Bf2Oreyh9819D3Mgf3tnK,"Sylvester,Michael Gray",You Make Me Feel (Mighty Real) - Michael Gray Radio Edit,41,USC4R1906926,https://www.youtube.com/watch?v=gESOetTCBdA,316987
3171,chillstep,spotify:playlist:22pjJtfW7sA4PiaruUB5yN,Grifta,Risico - Original Mix,17,USLZJ1396262,https://www.youtube.com/watch?v=GklH_adRyc8,3469
5219,drone,spotify:playlist:0HIfTbD7gaDP0rVPqSPNhX,Bersarin Quartett,Oktober,34,DEZ651109908,https://www.youtube.com/watch?v=nFNZAmS-3xQ,95274
1133,ambient,spotify:playlist:6CIyPj34GTpAkNwoWToLNT,The Dead Texan,The Struggle,38,USI4R0403332,https://www.youtube.com/watch?v=oAIg9pY4FDA,5834
5235,drone,spotify:playlist:0HIfTbD7gaDP0rVPqSPNhX,Aix Em Klemm,The Luxury of Dirt,28,USI4R0401870,https://www.youtube.com/watch?v=AabvCvXKOk0,8884
9333,hi-nrg,spotify:playlist:3Bf2Oreyh9819D3Mgf3tnK,Bobby O,Reputation,27,NLP438390036,https://www.youtube.com/watch?v=36ij0LJVQkc,202945
15479,suomisaundi,spotify:playlist:2oDlfDr6DS4hmKtIkLjdTf,Salakavala,Natto License,8,USQY50966933,https://www.youtube.com/watch?v=qN4aj4U4kck,5951
15483,suomisaundi,spotify:playlist:2oDlfDr6DS4hmKtIkLjdTf,Tekniset,Metsänhaltija,9,FIFDR1100002,https://www.youtube.com/watch?v=7HbLZSKyjzc,79238
7300,frenchcore,spotify:playlist:3b9YnVCg1sEUoXlRwQvBV2,Sprinky,Still Waiting,37,NLS161700952,https://www.youtube.com/watch?v=i_H_npXwiX4,648791
13460,plunderphonics,spotify:playlist:7mknhkyxBSQoGbmO6STTog,"Eclectic Method,The Needle Drop",Clunky Heavy Raunchy Gritty,10,SE5BU1736025,https://www.youtube.com/watch?v=9P4SIbsu6vM,3984
1174,ambient,spotify:playlist:6CIyPj34GTpAkNwoWToLNT,Aix Em Klemm,The Luxury of Dirt,28,USI4R0401870,https://www.youtube.com/watch?v=AabvCvXKOk0,8884
11417,liquid funk,spotify:playlist:5mu96o6F1pWzA5C9R8LAOm,"Submorphics,Pola & Bryson",Albion Road,35,NLM7H2000028,https://www.youtube.com/watch?v=5PNQiQPqlo4,4931
13466,plunderphonics,spotify:playlist:7mknhkyxBSQoGbmO6STTog,Sweet Valley,Sentimental Trash,34,QMSDU1200137,https://www.youtube.com/watch?v=nvCLqAphodU,103931
3230,chillwave,spotify:playlist:5pDD5tz9aQULzowpuKMSep,Lower Dens,To Die in L.A.,43,GBCEL1400578,https://www.youtube.com/watch?v=a2iSVHh_Wn8,884314
11423,liquid funk,spotify:playlist:5mu96o6F1pWzA5C9R8LAOm,Indivision,In Vitro,34,NLCK41033165,https://www.youtube.com/watch?v=1yII77RaVoY,134793
7332,frenchcore,spotify:playlist:3b9YnVCg1sEUoXlRwQvBV2,Psiko,Do Not Kill My Vibes,24,FR3R21999002,https://www.youtube.com/watch?v=wEHuvESpVyo,5541
9411,hip house,spotify:playlist:0CaVoV0ZC3aUxNSb8SoZVf,Tony Di Bart,The Real Thing - Radio Edit,42,GBCFZ1101139,https://www.youtube.com/watch?v=2rW8dg7drXA,3051040
1223,ambient house,spotify:playlist:6nwKOBp5s1ESz8zie6WBUf,Global Communication,5 23,33,GBARL0300487,https://www.youtube.com/watch?v=hbSkTxEPrAU,28861
9417,hip house,spotify:playlist:0CaVoV0ZC3aUxNSb8SoZVf,B.G. The Prince Of Rap,The Colour of My Dreams,40,DEMW61200154,https://www.youtube.com/watch?v=2McVxVLMRZI,786093
3275,chillwave,spotify:playlist:5pDD5tz9aQULzowpuKMSep,Teeel,Galilean Moons,17,USI4R1057411,https://www.youtube.com/watch?v=yuhV956wxwE,91283
13534,post-disco,spotify:playlist:5iKvDdecBJSQ5Qg46MN135,High Fashion,Feelin' Lucky Lately - Remastered,36,USCA20400365,https://www.youtube.com/watch?v=gU8-O0mSsP0,21192
11489,livetronica,spotify:playlist:7J9GDUnv2JMOvNK6xCKCE1,"SoDown,Bass Physics",Pull The Trigger,42,USA2P2016423,https://www.youtube.com/watch?v=3KkfQuTOP-M,7768
3298,chiptune,spotify:playlist:1LFNDgI96e297dxed2dZZa,she,Headshot,40,TCABK1240776,https://www.youtube.com/watch?v=oW3aRGdKOhg,343272
1259,ambient house,spotify:playlist:6nwKOBp5s1ESz8zie6WBUf,DJ Sports,World Class,18,GBQLP1700259,https://www.youtube.com/watch?v=dYo9pxJVGfs,51117
11499,livetronica,spotify:playlist:7J9GDUnv2JMOvNK6xCKCE1,KR3TURE,Anthropocene,40,CA5KR1812185,https://www.youtube.com/watch?v=ER9VC_8vH3g,49755
3309,chiptune,spotify:playlist:1LFNDgI96e297dxed2dZZa,Trey Frey,Refresh,30,uscgh1470328,https://www.youtube.com/watch?v=A2nQ0e-VawM,13598
5364,drum and bass,spotify:playlist:18b0DBiqVtRuj34OKPCgj6,Moving Fusion,Turbulence (Edit),25,GBBZH0002901,https://www.youtube.com/watch?v=XMEdORkINm4,122685
5365,drum and bass,spotify:playlist:18b0DBiqVtRuj34OKPCgj6,DJ Die,Autumn - Commix Remix,23,GBCEQ1400125,https://www.youtube.com/watch?v=bGBRMhpalP8,8096
1292,ambient industrial,spotify:playlist:6SjDZKf8ke13f8E3v1XAQ8,:zoviet*france:,Muzzled,8,QMQQH1302410,https://www.youtube.com/watch?v=ztfjpwtXY3g,20473
1296,ambient industrial,spotify:playlist:6SjDZKf8ke13f8E3v1XAQ8,Anenzephalia,Infarkt,7,QM7281470276,https://www.youtube.com/watch?v=XLMb1N3D1QA,616
7453,funk carioca,spotify:playlist:1aAckG2NI0cuL7QDKVeV2N,"Tainá Costa,Dadá Boladão",Sentadinha,43,BXKZM2100010,https://www.youtube.com/watch?v=NChvX5ynB8I,7084813
11549,lowercase,spotify:playlist:0X48ayqAs9PQ2Z4wRe2YBb,Jana Winderen,Aquaculture 18:00,8,GBJYX1080201,https://www.youtube.com/watch?v=YNAcRveixNI,9850
7457,funk carioca,spotify:playlist:1aAckG2NI0cuL7QDKVeV2N,Mc Brisola,Sexo no Camarote,34,QZ5AB1621535,https://www.youtube.com/watch?v=4Md6hvbb_q8,6353745
13604,post-disco,spotify:playlist:5iKvDdecBJSQ5Qg46MN135,Lillo Thomas,Let Me Be Yours,31,USKWD0810009,https://www.youtube.com/watch?v=kIUEC38Reic,38894
5414,drumfunk,spotify:playlist:5i3nz8m7XR6D7PUoIchxW8,"Jubei,dBridge",Show Me,32,GBKQU2122081,https://www.youtube.com/watch?v=VxibF-6OyOE,32539
9513,hyperpop,spotify:playlist:7DrJ92Lc9UaVB1rKM2UGsg,caro♡,over u,38,USA2P2121648,https://www.youtube.com/watch?v=LQiSCsRQ88g,80327
15661,synthwave,spotify:playlist:2qlBFnzL6CPxqRwenjrX53,Donbor,Against the Law,41,QM4DW1804531,https://www.youtube.com/watch?v=L5zVtifGxQE,1086981
5428,drumfunk,spotify:playlist:5i3nz8m7XR6D7PUoIchxW8,Tim Reaper,5am Mood,24,NLCK41086303,https://www.youtube.com/watch?v=fQ0WEBUrunQ,8197
13621,power electronics,spotify:playlist:5kAulE1JAusA4SlfP0OjYG,Brighter Death Now,Promises of Death,12,QM7281465645,https://www.youtube.com/watch?v=JCnfb-2oeuw,3515
7479,funky house,spotify:playlist:1ZwOZItEvdtWZuTVFQfwJs,"Horse Meat Disco,Fi McCluskey,Mousse T.",Love If You Need It (feat. Fi McCluskey) - Mousse T.'s Classic Shizzle,44,GBCPZ2119453,https://www.youtube.com/watch?v=K5sfz46_xJY,74117
13624,power electronics,spotify:playlist:5kAulE1JAusA4SlfP0OjYG,Alberich,Unity House,11,USA2Z1900199,https://www.youtube.com/watch?v=VD4kBVlqevI,4813
15675,synthwave,spotify:playlist:2qlBFnzL6CPxqRwenjrX53,Kiile,Out Here Alone,30,TCADL1800243,https://www.youtube.com/watch?v=lWHEXaV_mg8,76353
11580,lowercase,spotify:playlist:0X48ayqAs9PQ2Z4wRe2YBb,Janek Schaefer,City Of Dreams,14,DER801400529,https://www.youtube.com/watch?v=V3MSzujpW0g,693
9543,hyperpop,spotify:playlist:7DrJ92Lc9UaVB1rKM2UGsg,"JIMMY EDGAR,SOPHIE",METAL,23,USD8D2074003,https://www.youtube.com/watch?v=vDvgtbbLaMI,24195
15698,tech house,spotify:playlist:7HxEKL4NF7ZKakfTZiekTr,Julian Jeweil,Mars,39,GBUR61700318,https://www.youtube.com/watch?v=dXukfu38cCU,192028
9575,illbient,spotify:playlist:1Me0qExIlbW7FgONEbkZE4,The Third Eye Foundation,A Galaxy Of Scars,12,GBCEL9800099,https://www.youtube.com/watch?v=LTBeAXo9iBc,3512
7528,funky house,spotify:playlist:1ZwOZItEvdtWZuTVFQfwJs,"Risk Assessment,Jemeni G,Yuksek",Remember Me (feat. Jemeni G) - Yuksek Remix,29,GBCPZ1916872,https://www.youtube.com/watch?v=A5Ad-Bpe9QY,17802
9576,illbient,spotify:playlist:1Me0qExIlbW7FgONEbkZE4,Badawi,Tall King Dub,11,US29V0423408,https://www.youtube.com/watch?v=1_Bm5TAqCiQ,107470
5486,dub techno,spotify:playlist:13Kst5O4iuiTXwJcbBTJ26,Shinichi Atobe,Heat 1,38,USA2Z1811509,https://www.youtube.com/watch?v=9iwqUFA8MN8,28182
3443,complextro,spotify:playlist:3N0R1GcrhHAvCmSSMJumJT,Hypster,Requiem For A Theme - Original Mix,29,DEBY71401308,https://www.youtube.com/watch?v=KG94cAAIV7A,4806
3445,complextro,spotify:playlist:3N0R1GcrhHAvCmSSMJumJT,Electrixx,Tetris,29,DEEN90900084,https://www.youtube.com/watch?v=5qv5gY5iiCA,154535
15734,tech house,spotify:playlist:7HxEKL4NF7ZKakfTZiekTr,"Der Dritte Raum,Acid Pauli",Swing Bop - Acid Pauli's Kozmik Remix,39,DEKB71639726,https://www.youtube.com/watch?v=xtqt4X95v2Y,11669786
5507,dub techno,spotify:playlist:13Kst5O4iuiTXwJcbBTJ26,Intrusion,Seduction,27,GB-QLP-10-00456,https://www.youtube.com/watch?v=VtR9b0mmpgo,34266
3477,dark ambient,spotify:playlist:1mhHpC0idew8lgWQkEJnOL,Yen Pox,The Awakening,9,UST8K1588293,https://www.youtube.com/watch?v=BRwa17UsPHQ,1765
1433,ambient techno,spotify:playlist:4K8cqoXccxo7fPmBEqVKQm,Monolake,Reminiscence,30,USI4R0401057,https://www.youtube.com/watch?v=syVAhf6T_Qo,33024
13726,power noise,spotify:playlist:23j3NLoqFN0Z7z3rsCZH7Q,nin kuji,Daichi No Musuko / Atatori Musuko,11,USI4R1043953,https://www.youtube.com/watch?v=kPdCszA7QZ4,1869
13727,power noise,spotify:playlist:23j3NLoqFN0Z7z3rsCZH7Q,Ambassador21,We Are Legion - Matt Green Remix,35,USZUT1600059,https://www.youtube.com/watch?v=HVYwIQHIamU,853422
15778,tech trance,spotify:playlist:2MYwy50KqxrZV0b1kLuI8O,Sean Tyas,Momentum,37,NLD682101755,https://www.youtube.com/watch?v=UHe3RC8xhn0,8628
1443,ambient techno,spotify:playlist:4K8cqoXccxo7fPmBEqVKQm,96 Back,9696 Dream,27,UKW3K2100006,https://www.youtube.com/watch?v=iP9R-8JWgEg,2333
15793,tech trance,spotify:playlist:2MYwy50KqxrZV0b1kLuI8O,Renegade System,Predator,17,NLD681902651,https://www.youtube.com/watch?v=bJ_o9jZBzYI,3019
3506,dark ambient,spotify:playlist:1mhHpC0idew8lgWQkEJnOL,Sleep Research Facility,79ºs 83ºw,24,GBAS91207201,https://www.youtube.com/watch?v=aRN5aqOa9Nw,5235
11705,madchester,spotify:playlist:4S0dEwHY1tHedrYTB6O1Yi,Inspiral Carpets,She Comes In the Fall,34,GBAJH0300250,https://www.youtube.com/watch?v=FOxxlp_k6jA,51025
7618,future bass,spotify:playlist:0HL0ITC4buCPYJaJHqwbMm,"sober rob,Trevor Daniel",Gone,42,USA2P1915446,https://www.youtube.com/watch?v=SFfMmVoNwkI,529945
9673,industrial hardcore,spotify:playlist:4SuEoxbyTWZvBG1cmnp2mq,Dither,In for the Kill,39,NLG422000032,https://www.youtube.com/watch?v=dQCShLB3j54,44060
7639,future bass,spotify:playlist:0HL0ITC4buCPYJaJHqwbMm,ALEPH,Moment,36,US25X2100357,https://www.youtube.com/watch?v=E6ZfK0EvvXc,790
11736,madchester,spotify:playlist:4S0dEwHY1tHedrYTB6O1Yi,The Candyskins,Feed It,15,GBBUH1310101,https://www.youtube.com/watch?v=eMdpg3DoqB0,37147
5602,dubstep,spotify:playlist:0ZYFF9tPuPq2YNMRNhQZJt,HE$H,Nun Hold My Strap,39,QZHN41946289,https://www.youtube.com/watch?v=rUAqI-apGBg,198953
1523,azonto,spotify:playlist:2i8bdWfRsaWbyrwBEZauU2,5five,Move Back,31,TCAAX1137628,https://www.youtube.com/watch?v=p5ORh8GfFvs,872319
1527,azonto,spotify:playlist:2i8bdWfRsaWbyrwBEZauU2,Wutah,Bronya,30,TCAEM1999663,https://www.youtube.com/watch?v=r-cazAwGT24,544378
9723,industrial hardcore,spotify:playlist:4SuEoxbyTWZvBG1cmnp2mq,Djipe,No God,13,NLG421700062,https://www.youtube.com/watch?v=5QPFUWtyOi8,76698
13828,progressive breaks,spotify:playlist:7HLEjm2fEZsErggSthuFmZ,"Plu-Ton,Skyer",Cosmic Rain,11,GBCJY1205304,https://www.youtube.com/watch?v=_L4CYxjer-k,29830
7692,future funk,spotify:playlist:7t0fe3aPR0OoVQQi6VDkeC,Tendencies,Plastic,40,GBKPL2151722,https://www.youtube.com/watch?v=1cc1Vqt3wWo,66957
3607,dark electro,spotify:playlist:6E9jkAu1N93vNa0DZqVNmL,Massive Ego,I Idolize You,31,DEBZ71700076,https://www.youtube.com/watch?v=n_DiBQ8bFcU,974164
9759,industrial techno,spotify:playlist:4dKxJnBaUEkEarU8qT0AMN,Janzon,Kibbuz Mizzra,8,NLCK41061194,https://www.youtube.com/watch?v=5gIdC0-Z9cg,7772
5666,dubstep,spotify:playlist:0ZYFF9tPuPq2YNMRNhQZJt,Veer,EWW,19,QZMHN2088120,https://www.youtube.com/watch?v=r4xRaIea4GI,8996
11810,mahraganat,spotify:playlist:0giKVmGYwAYFSADewdBLzJ,"حودة بندق,مسلم,تيتو",مهرجان خمور بتسير,23,EGA252009228,https://www.youtube.com/watch?v=MMizbg0m75M,74113
11815,mahraganat,spotify:playlist:0giKVmGYwAYFSADewdBLzJ,El Dakhlaweya,El Selk Lames,20,FRIDO1600040,https://www.youtube.com/watch?v=cUp7d6quo6g,31413
7720,future funk,spotify:playlist:7t0fe3aPR0OoVQQi6VDkeC,Skule Toyama,Stereo,35,QZFZ62025130,https://www.youtube.com/watch?v=NayQ9C9P42s,9100
3631,dark electro,spotify:playlist:6E9jkAu1N93vNa0DZqVNmL,Mondträume,Still Beating,19,BEC261993904,https://www.youtube.com/watch?v=QHJmae1F8nw,247572
13878,progressive breaks,spotify:playlist:7HLEjm2fEZsErggSthuFmZ,"Refracture,The Crystal Method",Going In,11,CA5KR1521411,https://www.youtube.com/watch?v=31N4goK51nI,543
11856,martial industrial,spotify:playlist:3rNs7l5F94njXt7oG8CiAc,Rome,To Die Among Strangers,40,DEZ900900500,https://www.youtube.com/watch?v=qXuzZivhv7c,156647
15956,techno,spotify:playlist:50kZecUV5pY2SuJv3Ie0vy,"DJ Hell,Bryan Ferry",U Can Dance,30,DEN400925001,https://www.youtube.com/watch?v=QDgo4inI3Vw,152973
9816,industrial techno,spotify:playlist:4dKxJnBaUEkEarU8qT0AMN,"Blue Hour,DJ Ibon",The Midnight Sun - DJ Ibon's Never Mind Mix,20,UK6491400050,https://www.youtube.com/watch?v=tCo5_cPjRI0,34406
5729,dungeon synth,spotify:playlist:6kLG3oulPcD3Q2cOEuO4fV,Old Sorcery,In a Forest Trapped,21,GB-SMU-49-66745,https://www.youtube.com/watch?v=X7FZll3qH0Q,3022
15969,techno,spotify:playlist:50kZecUV5pY2SuJv3Ie0vy,John Beltran,As The Sun,34,GBKQU2043857,https://www.youtube.com/watch?v=zYtcGrV86jI,2217
13929,progressive house,spotify:playlist:3ApHTzZrOMqtDhnyiBSSci,"Ruben de Ronde,Rodg,Louise Rademakers,Solid Stone",Riptide - Solid Stone Remix,42,NLF711805129,https://www.youtube.com/watch?v=BMfMpUQ-9l8,42137
1642,bass house,spotify:playlist:5ITCoz5fDeGlbKyNmwKXoG,SQWAD,Big Ting Vibe,41,NLRD51859915,https://www.youtube.com/watch?v=6bFu7b5uBGw,56450
1644,bass house,spotify:playlist:5ITCoz5fDeGlbKyNmwKXoG,"TQD,Royal-T,DJ Q,Flava D",Vibsing Ting,41,GB2LD1700051,https://www.youtube.com/watch?v=0cEJ179QY-0,59700
15980,terrorcore,spotify:playlist:0dsJzRtGo230e23L34hllR,Dimitri Overdrive,Le Disque Jockey,7,NLD919800333,https://www.youtube.com/watch?v=RIWGK3dqyG0,126
7790,future garage,spotify:playlist:62T9WUAB2E7Xw6PmHRSlaQ,Joy Orbison,Hyph Mngo,40,GBHQT0900027,https://www.youtube.com/watch?v=Aa_PDKKc2_A,577066
11896,martial industrial,spotify:playlist:3rNs7l5F94njXt7oG8CiAc,Blood Axis,Song of the Comrade,19,DEKB31010112,https://www.youtube.com/watch?v=PC2qipLRfbk,30497
5762,dungeon synth,spotify:playlist:6kLG3oulPcD3Q2cOEuO4fV,Silent Cabin,Sleeping Halls of Frozen Tears,10,USA2Z1901072,https://www.youtube.com/watch?v=FOwMb96tzp0,243
3717,dark psytrance,spotify:playlist:4p7LvTTcCt83rvC5tXPVnR,"Necropsycho,Sator Arepo,Chromatec",Surrealismus - Original Mix,22,GBKQU1444887,https://www.youtube.com/watch?v=CYVEDmikuRU,928
7822,future garage,spotify:playlist:62T9WUAB2E7Xw6PmHRSlaQ,"Scratcha DVA,Alahna,DJ MA1",I'm Leaving - DJ MA1 Remix,28,GBKPL1817465,https://www.youtube.com/watch?v=vqD6a969PjQ,2875
13968,progressive house,spotify:playlist:3ApHTzZrOMqtDhnyiBSSci,Tomas Heredia,Dandelion Rain,38,NLF711906891,https://www.youtube.com/watch?v=J1HrQTDOj94,7163
3751,dark psytrance,spotify:playlist:4p7LvTTcCt83rvC5tXPVnR,Cosmo,Acid Monste - Original Mix,13,GBLV61418226,https://www.youtube.com/watch?v=I6G9kLiSUHA,264
1705,bass music,spotify:playlist:0I8grtFFc4NxQ28GwWDCsW,Hudson Mohawke,Chimes,43,GBBPW1400187,https://www.youtube.com/watch?v=k_MWuP2Qj7U,5904116
16044,terrorcore,spotify:playlist:0dsJzRtGo230e23L34hllR,The Inexorable,I Like You,7,NLD919800372,https://www.youtube.com/watch?v=Iy0Jaa3gPVY,625
1713,bass music,spotify:playlist:0I8grtFFc4NxQ28GwWDCsW,Silkie,Limits,40,QM8UU1400025,https://www.youtube.com/watch?v=eyWnA6wdBMo,8954
9916,intelligent dance music,spotify:playlist:3P9lEX8RzKkD3hNVvnoMc5,Farben,As Long As There's Love Around,26,DELA21100080,https://www.youtube.com/watch?v=n53XaM2n5sA,38971
5822,dutch house,spotify:playlist:2A2qSpDa4K8gD55D7sDJe7,"Benny Royal,Dani Hageman",Tigereye - Original Mix,24,GBEH41594375,https://www.youtube.com/watch?v=maUAtjeiZDE,2839
5832,dutch house,spotify:playlist:2A2qSpDa4K8gD55D7sDJe7,"Silvio Luz,Achex,Jennifer Dawn",Unity,12,QZPLR2061463,https://www.youtube.com/watch?v=B3XTrch6u2E,17167
11981,melbourne bounce,spotify:playlist:5juwTItf3H3eQuzrGiKwf9,"Chardy,Komes",Harmonica Boy (Dance With Somebody) - Radio Edit,24,AUNV01500419,https://www.youtube.com/watch?v=bv0LjJZrGA0,139872
11982,melbourne bounce,spotify:playlist:5juwTItf3H3eQuzrGiKwf9,"Trifo,Simon Milan",Away from Me,24,TCACL1611464,https://www.youtube.com/watch?v=9MLstAWk_70,91734
16082,trancecore,spotify:playlist:3GL4HNVOg9IqD5jxVpSRp7,Hopes Die Last,Promises,36,CH6540841936,https://www.youtube.com/watch?v=pbaM-Az6tZo,152763
9946,intelligent dance music,spotify:playlist:3P9lEX8RzKkD3hNVvnoMc5,Ilkae,Self Portrait 3,13,QZES81886289,https://www.youtube.com/watch?v=Vcy19RqYUeA,142
9954,italo dance,spotify:playlist:3IExr8qtJzsRF1vICyPux3,"Roby Pinna,Billy More",My Rhythm of the Night - 2005 Roby Pinna Radio Vrs,9,QMFME1340408,https://www.youtube.com/watch?v=IBw6678WTTA,51720
14061,progressive psytrance,spotify:playlist:4rmUSS4GQxpHjuZPf6eiSz,Solano,Critical Pumpa - Klopfgeister Remix,7,USA2P0794844,https://www.youtube.com/watch?v=GrXrKysJpbs,688
3828,dark wave,spotify:playlist:4ac3WdJSdYTu4MeN4MWzEX,Ophelia's Dream,Danse macabre,34,DEZ901501768,https://www.youtube.com/watch?v=Zoe0yQoOH18,180133
9981,italo dance,spotify:playlist:3IExr8qtJzsRF1vICyPux3,Roby Rossini,Tanz Bambolina - Prezioso & Marvin Radio Edit,42,ITL010300459,https://www.youtube.com/watch?v=9bzjVyWVEJY,43144
7935,future house,spotify:playlist:2u6y2dDw8lKwW389jYEMoN,FaderX,Lose Yourself,27,NLWV71900029,https://www.youtube.com/watch?v=M1M6jp5M5uo,45653
16130,trancecore,spotify:playlist:3GL4HNVOg9IqD5jxVpSRp7,Escape The Day,Derailed,33,SEYOK1609178,https://www.youtube.com/watch?v=9xTR7GmW4Hc,111445
7952,future house,spotify:playlist:2u6y2dDw8lKwW389jYEMoN,Assix,Sick Of This,19,USLZJ2091052,https://www.youtube.com/watch?v=NZilwtLdgMI,38222
14096,progressive psytrance,spotify:playlist:4rmUSS4GQxpHjuZPf6eiSz,Nerso,Intergalactic Voyage,9,USA2P1815258,https://www.youtube.com/watch?v=Mv22fdUPGK8,12041
1820,bassline,spotify:playlist:3Lp89wmns5SSt3U8wYWcK3,"Wideboys,Dennis G.",Sambuca (The Return) - Radio Mix,39,GBCFZ0800459,https://www.youtube.com/watch?v=J8FKEIaAMzQ,49832
3868,dark wave,spotify:playlist:4ac3WdJSdYTu4MeN4MWzEX,"Attrition,Technomancer,Angst Pop",Narcissist - Id Mix by Angst Pop Feat. Technomancer,14,GBPY91200243,https://www.youtube.com/watch?v=UWnFDKsxW3Q,967
14117,progressive trance,spotify:playlist:3LfgRDV6HceI9exDCtTJo3,"Noise Zoo,Brandon Mignacca,Kamelon",Sunlight (ASOT 1019) - Kamelon Remix,31,NLF712105309,https://www.youtube.com/watch?v=EqiEge-crao,3198
16178,tribal house,spotify:playlist:28k2EefJC3hIfubtmcQrIW,Suzanne Palmer,Home - Offer Nissim Part 1 Remix,21,USQY51365062,https://www.youtube.com/watch?v=21Xrwpo0C1M,310210
12083,miami bass,spotify:playlist:6eYnoJVvfS5mnh53jWRcVC,Bass Patrol,Nothing But Bass,27,USJB10400721,https://www.youtube.com/watch?v=85M-Fo_BVlo,84309
14138,progressive trance,spotify:playlist:3LfgRDV6HceI9exDCtTJo3,Leonard A,Cygnus (WYM375),25,NLD682102603,https://www.youtube.com/watch?v=m6I38kwG1Co,10778
7999,futurepop,spotify:playlist:5kLBrUOkzY9M7hbXfNE98t,Icon Of Coil,Shelter,33,US57M0530404,https://www.youtube.com/watch?v=6UdOJAvV-cw,173783
5952,electro house,spotify:playlist:4luNnGhISZdURbFcCl2dB6,"Dodge & Fuski,Virus Syndicate",Flat Line,43,FR10S1793737,https://www.youtube.com/watch?v=jmEhLqFpzqU,60834
12097,miami bass,spotify:playlist:6eYnoJVvfS5mnh53jWRcVC,"Dynamix II,Breezy Beat MC",Just Give The Dj A Break,21,USEPW0800436,https://www.youtube.com/watch?v=TYgV6xLuK1A,21484
1863,bassline,spotify:playlist:3Lp89wmns5SSt3U8wYWcK3,Project Bassline,Drop the Pressure - Jack Beats 'rinsed Out Rave' Remix,15,GBJLH0703695,https://www.youtube.com/watch?v=ESYMmYrFYS8,6807
10055,italo house,spotify:playlist:2MozR9FnRi9Sol52JfVvdH,Shafty,Deep Inside - Of You Soul Trance,9,DEA310907681,https://www.youtube.com/watch?v=nHCFRqiMp4k,29656
5961,electro house,spotify:playlist:4luNnGhISZdURbFcCl2dB6,"LOOPERS,Seth Hills",Out Of Control,38,NLM5S1900636,https://www.youtube.com/watch?v=lYkSmXDLdXw,503587
3937,darkstep,spotify:playlist:2oUR5RTzUhtwJypKmhuxdG,Katharsys,Dirty Like A French Man,18,NLCK41036737,https://www.youtube.com/watch?v=1V1xIcH3iO8,131015
3940,darkstep,spotify:playlist:2oUR5RTzUhtwJypKmhuxdG,"Fragz,Hijak MC",Capsize,17,GB8KE1856121,https://www.youtube.com/watch?v=ajo4g-nprGk,994
8047,futurepop,spotify:playlist:5kLBrUOkzY9M7hbXfNE98t,"Massiv In Mensch,Patenbrigade: Wolff",Tanzmusik 2.0,13,SE2RD2000101,https://www.youtube.com/watch?v=wL8cYmyIzQA,7595
1930,berlin school,spotify:playlist:2jgy57TEf9gpe5wRZ4cPDF,"Thorsten Quaeschning,Ulrich Schnauss",Main Theme,28,GBH5A1002822,https://www.youtube.com/watch?v=2hZ4Cuw5p08,4288
16272,tribal house,spotify:playlist:28k2EefJC3hIfubtmcQrIW,Tamer Fouda,Odyssey,21,US83Z2114111,https://www.youtube.com/watch?v=WE6CS5K4ci4,381
10129,italo house,spotify:playlist:2MozR9FnRi9Sol52JfVvdH,Be Noir,Give Me Your Love - London Mix,13,ITI029800119,https://www.youtube.com/watch?v=R1o4iLh89os,781
3990,darksynth,spotify:playlist:7mr4rvyCkgD2fuNdPGYQw9,Battlejuice,Low Life on the Highway,43,QZFYZ1925589,https://www.youtube.com/watch?v=jcupHBak2vU,349437
6040,electro swing,spotify:playlist:5oDNHd53EGh5BoiWGYIqH0,Waldeck,Memories,30,AUF921100053,https://www.youtube.com/watch?v=zM39EUa1uQk,810799
1946,berlin school,spotify:playlist:2jgy57TEf9gpe5wRZ4cPDF,Peter Baumann,Valley of the Gods,19,DELI51602021,https://www.youtube.com/watch?v=dfft6zBp8Fc,2184
16287,trip hop,spotify:playlist:2wrc23l7JdQVcpPIcDGaed,Red Snapper,Crusoe Takes a Trip,40,GBBPW9600147,https://www.youtube.com/watch?v=4idVcK5Ayzk,5911
6055,electro swing,spotify:playlist:5oDNHd53EGh5BoiWGYIqH0,"Savages Y Suefo,[dunkelbunt]",Ballroom Breakers - Dunkelbunt Remix Radio Edit,17,DEEQ71206610,https://www.youtube.com/watch?v=zjQ1Ja-qKkk,373
8107,garage house,spotify:playlist:1QOMMQeQ9X79U3JtRZXy57,Turntable Orchestra,You’re Gonna Miss Me - 1988 Mix,29,GBDLM1290172,https://www.youtube.com/watch?v=Tz6PSCLWKNM,14923
8111,garage house,spotify:playlist:1QOMMQeQ9X79U3JtRZXy57,R.I.P Productions,Oh Baby,26,GBESM1100001,https://www.youtube.com/watch?v=1U4JCGfCkdk,18358
12208,microhouse,spotify:playlist:6FbDQuTcGT0IoZCtsbCISv,Deadbeat,Ain't no More Flowers,34,DEU671502617,https://www.youtube.com/watch?v=NJgPDcVQHgk,2685
14256,psychedelic trance,spotify:playlist:2xaiaEMr3drIoAsn397mtX,"Killerwatts,Vini Vici",Colors,37,GBKQU1737228,https://www.youtube.com/watch?v=F1TFx7sV-oo,26147
4024,darksynth,spotify:playlist:7mr4rvyCkgD2fuNdPGYQw9,Street Cleaner,Murdercycle,35,QZAPG1893267,https://www.youtube.com/watch?v=eeKriDpiuFU,16568
12229,microhouse,spotify:playlist:6FbDQuTcGT0IoZCtsbCISv,Thomas Fehlmann,Window,24,DEU671800099,https://www.youtube.com/watch?v=vAr0-A4cMzs,8647
6092,electro-industrial,spotify:playlist:0ZVLhUadGf0IkCOecGIgtf,Solitary Experiments,Stars,36,DEBZ71300478,https://www.youtube.com/watch?v=ibVAwXWG0e8,275869
14286,psychedelic trance,spotify:playlist:2xaiaEMr3drIoAsn397mtX,"Relativ,Out of Range",Hellraisers,21,GBKQU1980807,https://www.youtube.com/watch?v=LpD98kJ0KYk,10633
10210,j-core,spotify:playlist:6EyM9BeEm0vZvSkQyGaLkN,kenta-v.ez.,ListENiNg to spEEDcorE turNs you iNto A fuckiNg idiot,15,JPS801405895,https://www.youtube.com/watch?v=lcSEU3e-kOU,46752
16358,trip hop,spotify:playlist:2wrc23l7JdQVcpPIcDGaed,A Forest Mighty Black,Rebirth,38,DEM099900030,https://www.youtube.com/watch?v=PRnd4FNZBKw,12283
10219,j-core,spotify:playlist:6EyM9BeEm0vZvSkQyGaLkN,Mikki,Dance Lover - Extended Mix,12,NLP431050464,https://www.youtube.com/watch?v=3vvK18ZvyhU,2441
6139,electro-industrial,spotify:playlist:0ZVLhUadGf0IkCOecGIgtf,X Marks The Pedwalk,Masterpiece,19,DEVF71600006,https://www.youtube.com/watch?v=mkoMJ4MGrGs,17357
8190,ghettotech,spotify:playlist:0zturCsng8jMo3Pf2EXufv,Dopplereffekt,Superior Race,32,NLL560701153,https://www.youtube.com/watch?v=bh2tMKg2NQ4,202045
4095,death industrial,spotify:playlist:5Wh6LBCI5BX6VVLfkcJ1g6,Pharmakon,Body Betrays Itself,20,US5NR1411703,https://www.youtube.com/watch?v=zUtuYD7eBf0,11817
