GFP8UG2qiJQ,D0nCs_BHQLw,ETwYph7ZCFg,nFvN59DXAAw
so-B0iZjiiY,OxknCSrvguo,65Ng1tIyow8,c0NmGJnOoqQ
dMj7fYlPAgQ,8cfxsLsjiPI,aoM-3xaX9R8,iNUR4VGypEM
bn92YFOIjew,xzVc7D29ddk,0cqInRHeU8w,YowRXuKFrmE
erJo304nrTw,OWg_on1unBc,RtwHyVzr01c,DWrt7v64EMY
S2HIhQ-rLSg,ZfaiNVCSqWE,UXt2hhG19fo,2FvprjN50_A
ky6Zq4ZdKhY,J4Qa7pMVPL0,yrRboxBoBZM,xl9WvefbYps
sOAaGsSlJxw,mzPu78ml_0M,63J05Mc-x-Q,Qj2z8BCvEZ8
kmd5O7k0qB4,5eFIqc15nmw,nRQkywMM8sU,u5GhombYdFA
FtCpDVgZktI,etj1iHD2LXM,To8hVhN3ayk,KPesaAopabg
9GgK9y-j2A8,HQqxbQrjilY,j3EJyxX_s7w,p5KCZVbkiiM
KZTq00f86q8,9Asx_w7spR8,puqfMciophY,SmQONaoZO30
dEUVTMkq_7s,Eud8gkhkI9U,w7gPybMJSWk,qN4aj4U4kck
whnaCNP3f_c,4ZDfk9SLLZM,9xTR7GmW4Hc,PiNKnp_kT4w
Tc2uq6Wrbzw,vAr0-A4cMzs,vksK6TQPJ7Y,8Muws11nQfo
mO-x_0GWy04,RzZi97tQYaE,zpPAMMxV1LU,m7NZ4GAf4wI
NRE2xz_CHcI,h5PMLMgj_gA,vf4Ui0ypJqY,kTAEI5Us_5g
PPWKvHjEkck,z4OWXrUQSpQ,PtZn3us6qKU,KRc2crQEBSE
wxDjKonbr3o,BXlD7RoEiC8,bfuDf_CuaoM,D6d42jydOxg
50SPok3pW5o,DZ4XVbRdk00,SW2Eu0wGqlg,7HbLZSKyjzc
